{
    "tau": 1.567162119070891,
    "conc": 3.8074432755513845,
    "negc": 3962,
    "rec": 3.4507046535972195,
    "r": 0.8935524026835238,
    "dropout": 0.6440324722972812,
    "learning_rate": 0.0010499413609892179,
    "weight_decay": 0.0005236190959999153,
    "net_h1": 1024,
    "net_h2": 64,
    "att_h1": 100,
    "att_h2": 50,
    "ACC": 0.5463768115942029,
    "NMI": 0.30920750382395723
}