{
    "tau": 0.20124038471994485,
    "conc": 1.4600839035171718,
    "negc": 4365,
    "rec": 4.955762923471801,
    "r": 3.8253926728514838,
    "dropout": 0.6674375082841816,
    "learning_rate": 0.011021530771800956,
    "weight_decay": 1.768022185164367e-06,
    "net_h1": 256,
    "net_h2": 64,
    "att_h1": 100,
    "att_h2": 50,
    "ACC": 0.7556068367398693,
    "NMI": 0.33216855624566377
}