{
    "tau": 0.6157677441602935,
    "conc": 9.32420829246923,
    "negc": 2349,
    "rec": 0.9232766786747043,
    "r": 1.2920396112094885,
    "dropout": 0.30355312040933546,
    "learning_rate": 0.0023613522004179155,
    "weight_decay": 8.500539828837027e-06,
    "net_h1": 256,
    "net_h2": 64,
    "att_h1": 400,
    "att_h2": 100,
    "ACC": 0.637629246676514,
    "NMI": 0.46425448776949485
}